Model,Resampling,Feature Set,Test Accuracy,Test Precision,Test Recall,Test F1 Score,Test AUC
Random Forest,Original,All Features,0.831,0.5974025974025974,0.6448598130841121,0.6202247191011236,0.8630413069843761
Random Forest,Oversampling,All Features,0.8255,0.5791583166332666,0.6752336448598131,0.6235167206040992,0.8629134860050891
Random Forest,SMOTE,All Features,0.815,0.558,0.6518691588785047,0.6012931034482759,0.8434505124729494
Random Forest,Undersampling,All Features,0.7975,0.5186991869918699,0.7453271028037384,0.6116970278044104,0.8591130413069844
