Fold,Accuracy,Precision,Recall,F1 Score,AUC,Model,Resampling,Feature Set
2.0,0.8567618190114814,0.8656790797925872,0.8445492234709923,0.8549377537792937,0.931569662176957,Random Forest,SMOTE,All Features
2.0,0.8505013031001841,0.85874334750543,0.8392263263738,0.8487781010927622,0.9338752968046273,Random Forest,Oversampling,All Features
2.0,0.8395837242026267,0.5953322192190507,0.641614906832298,0.6173058801894358,0.862456285650454,Random Forest,Original,All Features
2.0,0.7711180124223602,0.790000877647532,0.739751552795031,0.7635912977625546,0.8567474248678678,Random Forest,Undersampling,All Features
